[
  {
    "id": 1,
    "nama": "Warung Makan Mahasiswa Ambarrukmo",
    "alamat": "Jl. Ambar Asri No.311, Ambarukmo, Caturtunggal, Kec. Depok, Kabupaten Sleman, Daerah Istimewa Yogyakarta 55281",
    "latitude": -7.783642954321703,
    "longitude": 110.39977372999421,
    "kisaranHarga": "Rp 1.000 – 25.000",
    "rating": 4.5,
    "jamBuka": "08:00",
    "jamTutup": "19:00",
    "urlMaps": "https://maps.app.goo.gl/8FBUX8QHz8u1UmaB9"
  },
  {
    "id": 2,
    "nama": "Dapur Azkiya",
    "alamat": "Jl. Babarsari I No.4h, Janti, Caturtunggal, Kec. Depok, Kabupaten Sleman, Daerah Istimewa Yogyakarta 55281",
    "latitude": -7.781228276389293,
    "longitude": 110.41548285298988,
    "kisaranHarga": "Rp 1.000 – 20.000",
    "rating": 4.7,
    "jamBuka": "08:00",
    "jamTutup": "21:00",
    "urlMaps": "https://maps.app.goo.gl/8Teqv6NG1ttzJ3NN9"
  },
  {
    "id": 3,
    "nama": "WARMINDO ANINDITA",
    "alamat": "Jl. Tambak Bayan 2 No.7, Janti, Caturtunggal, Kec. Depok, Kabupaten Sleman, Daerah Istimewa Yogyakarta 55281",
    "latitude": -7.782468874852081,
    "longitude": 110.41617082408312,
    "kisaranHarga": "Rp 1.000 – 20.000",
    "rating": 4.7,
    "jamBuka": "07:00",
    "jamTutup": "21:00",
    "urlMaps": "https://maps.app.goo.gl/QSb5Q3D3uJiwNjBR7"
  },
  {
    "id": 4,
    "nama": "Warteg Putra Bahari",
    "alamat": "Ruko Babasari, Jl. Raya Kledokan No.41, Kledokan, Caturtunggal, Kec. Depok, Kabupaten Sleman, Daerah Istimewa Yogyakarta 55281",
    "latitude": -7.773629339508631,
    "longitude": 110.41088571788438,
    "kisaranHarga": "Rp 1.000 – 25.000",
    "rating": 4.4,
    "jamBuka": "00:00",
    "jamTutup": "00:00",
    "urlMaps": "https://maps.app.goo.gl/9FxnJ36CoT9kkYwV6"
  },
  {
    "id": 5,
    "nama": "Kedai abc",
    "alamat": "Jl. Dirgantara III, Ngentak, Caturtunggal, Kec. Depok, Kabupaten Sleman, Daerah Istimewa Yogyakarta 55281",
    "latitude": -7.780319760109684,
    "longitude": 110.41110847363251,
    "kisaranHarga": "Rp 1.000 – 30.000",
    "rating": 4.7,
    "jamBuka": "08:00",
    "jamTutup": "22:00",
    "urlMaps": "https://maps.app.goo.gl/1rSXnkqVePaBpTmR8"
  },
  {
    "id": 6,
    "nama": "Rumah Makan & Seafood 99",
    "alamat": "Jl. Nologaten No.220, Nologaten, Caturtunggal, Kec. Depok, Kabupaten Sleman, Daerah Istimewa Yogyakarta 55281",
    "latitude": -7.7778718231305195, 
    "longitude": 110.40060846757795,
    "kisaranHarga": "Rp 1.000 – 25.000",
    "rating": 3.1,
    "jamBuka": "09:00",
    "jamTutup": "22:00",
    "urlMaps": "https://maps.app.goo.gl/GdxvJ8HBK7Goqyjv5"
  },
  {
    "id": 7,
    "nama": "Rumah Makan Abdi Minang",
    "alamat": "Gang Alpokat Jalan Klebengan Blok CT 8 No.1B, Ambarukmo, Caturtunggal, Kec. Depok, Kabupaten Sleman, Daerah Istimewa Yogyakarta 55281",
    "latitude": -7.781262862271615,  
    "longitude": 110.39942832041714,
    "kisaranHarga": "Rp 1.000 – 30.000",
    "rating": 3.1,
    "jamBuka": "07:00",
    "jamTutup": "00:00",
    "urlMaps": "https://maps.app.goo.gl/GdxvJ8HBK7Goqyjv5"
  },
  {
    "id": 8,
    "nama": "Rumah Makan Padang Murah",
    "alamat": "Jl. Nologaten No.330, Tempel, Caturtunggal, Kec. Depok, Kabupaten Sleman, Daerah Istimewa Yogyakarta 55281",
    "latitude": -7.779880932287371,   
    "longitude": 110.40006131366502,
    "kisaranHarga": "Rp 1.000 – 25.000",
    "rating": 3.9,
    "jamBuka": "08:00",
    "jamTutup": "21:00",
    "urlMaps": "https://maps.app.goo.gl/eBfCa2WBvLk3NHEL9"
  },
  {
    "id": 9,
    "nama": "Richeese Factory Ambarukmo",
    "alamat": "Jl. Laksda Adisucipto No.M. 1977, Ambarukmo, Caturtunggal, Kec. Depok, Kabupaten Sleman, Daerah Istimewa Yogyakarta 55281",
    "latitude": -7.782428279938167,    
    "longitude": 110.4067766912949,
    "kisaranHarga": "Rp 25.000 – 50.000",
    "rating": 4.6,
    "jamBuka": "00:00",
    "jamTutup": "00:00",
    "urlMaps": "https://maps.app.goo.gl/PdBjGQGTkGf3FMGWA"
  },
  {
    "id": 10,
    "nama": "OTW Ramen",
    "alamat": "Jl. Sukun Raya No.8, Jaranan, Banguntapan, Kec. Banguntapan, Kabupaten Bantul, Daerah Istimewa Yogyakarta 55281",
    "latitude": -7.782428279938167,    
    "longitude": 110.4067766912949,
    "kisaranHarga": "Rp 25.000 – 50.000",
    "rating": 4.6,
    "jamBuka": "11:00",
    "jamTutup": "21:00",
    "urlMaps": "https://maps.app.goo.gl/AxFbLNnQ5JWpUxDG7"
  }
]